{
  "events": {
    "database": {
      "maxCoordinatorChangeStreams": 50000
    },
    "log_forwarder": {
      "enabled": false
    },
    "mediator": {
      "eventSubscriptionPollingPeriodSeconds": 2,
      "unownedEventSubscriptionPollingPeriodSeconds": 1,
      "staleOwnedJobPollingPeriodSec": 1
    },
    "streams": {
      "eventSubscriptionPollingPeriodSec": 2,
      "eventSubscriptionHeartbeatPeriodSec": 1
    },
    "translator": {
      "maxCoordinatorTranslators": 1000
    }
  },
  "graphql": {
    "enabled": false
  },
  "metrics": {
    "enabled": false
  },
  "secretsManager": {
    "enabled": false
  },
  "sync": {
    "allowSyncSessionTestCommands": true
  }
}
